model_id,manufacturer,product_line,capacity_ml,material,closure_material,closure_style,neck_style,base_type,rimmed_or_capped,sterile,autoclavable,baffles,modeled,total_height_mm,base_diameter_mm,neck_diameter_mm,neck_height_mm,source_total_height_without_closure_mm,source_total_height_with_closure_mm,source_base_diameter_mm,source_inner_neck_diameter_mm,source_closure_size,source_catalog_no,source_url,notes
tarsons_pc_vented_125ml,Tarsons,Sterile Erlenmeyer Cell Culture Flask Flat Base PC with vented HDPE Closure,125,polycarbonate,HDPE,vented screw cap,threaded,flat,capped,true,true,false,true,110.0,66.5,38.0,30.0,110.0,113.9,66.5,28.5,38-430,444210,https://www.tarsons.com/product/sterile-erlenmeyer-cell-culture-flask-flat-base-pc-with-vented-hdpe-closure/,"Model uses published bottom OD and height without closure. Neck diameter is modeled from thread finish because Tarsons publishes inner neck diameter, not outer neck diameter."
tarsons_pc_vented_250ml,Tarsons,Sterile Erlenmeyer Cell Culture Flask Flat Base PC with vented HDPE Closure,250,polycarbonate,HDPE,vented screw cap,threaded,flat,capped,true,true,false,true,134.0,82.7,38.0,30.0,134.0,139.0,82.7,28.5,38-430,444220,https://www.tarsons.com/product/sterile-erlenmeyer-cell-culture-flask-flat-base-pc-with-vented-hdpe-closure/,"Model uses published bottom OD and height without closure. Neck diameter is modeled from thread finish because Tarsons publishes inner neck diameter, not outer neck diameter."
tarsons_pc_vented_500ml,Tarsons,Sterile Erlenmeyer Cell Culture Flask Flat Base PC with vented HDPE Closure,500,polycarbonate,HDPE,vented screw cap,threaded,flat,capped,true,true,false,true,174.0,101.5,45.0,40.0,174.0,178.3,101.5,35.1,45-430,444230,https://www.tarsons.com/product/sterile-erlenmeyer-cell-culture-flask-flat-base-pc-with-vented-hdpe-closure/,"Model uses published bottom OD and height without closure. Neck diameter is modeled from thread finish because Tarsons publishes inner neck diameter, not outer neck diameter."
tarsons_pc_vented_1000ml,Tarsons,Sterile Erlenmeyer Cell Culture Flask Flat Base PC with vented HDPE Closure,1000,polycarbonate,HDPE,vented screw cap,threaded,flat,capped,true,true,false,true,218.0,129.7,45.0,40.0,218.0,222.2,129.7,35.1,45-430,444240,https://www.tarsons.com/product/sterile-erlenmeyer-cell-culture-flask-flat-base-pc-with-vented-hdpe-closure/,"Model uses published bottom OD and height without closure. Neck diameter is modeled from thread finish because Tarsons publishes inner neck diameter, not outer neck diameter."
tarsons_pc_vented_2000ml,Tarsons,Sterile Erlenmeyer Cell Culture Flask Flat Base PC with vented HDPE Closure,2000,polycarbonate,HDPE,vented screw cap,threaded,flat,capped,true,true,false,true,267.5,158.6,45.0,40.0,267.5,270.5,158.6,35.4,45-430,444250,https://www.tarsons.com/product/sterile-erlenmeyer-cell-culture-flask-flat-base-pc-with-vented-hdpe-closure/,"Model uses published bottom OD and height without closure. Neck diameter is modeled from thread finish because Tarsons publishes inner neck diameter, not outer neck diameter."
dwk_pyrex_125ml,DWK Life Sciences,PYREX Flasks conical narrow neck,125,borosilicate glass,,open narrow neck,narrow neck,flat,rimmed,false,true,false,false,117.0,69.0,28.0,,117.0,,69.0,28.0,,1130/08D,https://www.dwk.com/pyrex-flasks-conical-narrow-neck-125-ml-113008d,"Official glass reference with published capacity, neck ID, body OD, and height."
dwk_duran_1000ml,DWK Life Sciences,DURAN Erlenmeyer Flask narrow neck,1000,borosilicate glass,,open narrow neck,narrow neck,flat,rimmed,false,true,false,false,,,,,,,,"212165409",https://www.dwk.com/duran-erlenmeyer-flask-narrow-neck-1000-ml-212165409,"Official glass manufacturer reference. Product page confirms borosilicate glass 3.3 narrow-neck family; dimension extraction should be done from the live spec table before modeling."
thermo_nalgene_petg_plain_family,Thermo Fisher Scientific,Nalgene Single-Use PETG Erlenmeyer Flasks with Plain Bottom Sterile,,PETG,polypropylene,vented or solid screw cap,threaded,plain,capped,true,false,false,false,,,,,,,,,https://www.thermofisher.com/order/catalog/product/ar/en/4115-0500,"Family reference covering 125, 250, 500, 1000, 2000, and 2800 mL plain-bottom PETG flasks with vented and non-vented closure variants."
corning_pc_family,Corning,Corning Polycarbonate Erlenmeyer Flasks,,polycarbonate,polypropylene,vented or flat cap,threaded,flat or baffled,capped,true,false,true,false,,,,,,,,,https://ecatalog.corning.com/life-sciences/b2c/US/en/Bioprocess-and-Scale-up/Erlenmeyer-Flasks/Erlenmeyer-Flasks-Plastic/Corning%C2%AE-Polycarbonate-Erlenmeyer-Flasks/p/431255,"Official plastic manufacturer family reference for disposable sterile threaded flasks; family includes vented-cap and baffled variants at multiple sizes."
